{
  "JoyDivision": {
    "mu": 39.02399035212642,
    "sigma": 2.7022036843686306,
    "ordinal": 1942.0171031764926
  },
  "Fresh Meat": {
    "mu": 46.17314357244707,
    "sigma": 5.639483412348044,
    "ordinal": 1902.1126400496705
  },
  "N00dles": {
    "mu": 36.837808217949814,
    "sigma": 3.268654634175112,
    "ordinal": 1848.7642635701875
  },
  "bbScythe": {
    "mu": 32.849888828685366,
    "sigma": 2.802414220356709,
    "ordinal": 1786.6235080227657
  },
  "dAy": {
    "mu": 32.38293171995125,
    "sigma": 2.7415238292139863,
    "ordinal": 1779.800645575423
  },
  "WrathClaw": {
    "mu": 37.03603210970122,
    "sigma": 5.040436848291036,
    "ordinal": 1725.9533175558745
  },
  "clime": {
    "mu": 32.13889644816465,
    "sigma": 3.4275907263105294,
    "ordinal": 1724.5469824615934
  },
  "nobadinohz": {
    "mu": 29.935584987990104,
    "sigma": 2.9829652466087344,
    "ordinal": 1703.6805419559337
  },
  "Zottelschratz": {
    "mu": 28.31841390904409,
    "sigma": 2.8164485918391104,
    "ordinal": 1676.8576352046423
  },
  "ammorning": {
    "mu": 28.095915431055307,
    "sigma": 3.0418184811363655,
    "ordinal": 1655.2910397035089
  },
  "Underdoggo": {
    "mu": 34.44801039259891,
    "sigma": 5.385221272070886,
    "ordinal": 1639.01631783327
  },
  "Nevic": {
    "mu": 25.67934373135401,
    "sigma": 2.503728042592335,
    "ordinal": 1636.035830485848
  },
  "releasethecralkin": {
    "mu": 24.91301948829265,
    "sigma": 2.62286419494188,
    "ordinal": 1609.0662456832083
  },
  "kibitzer": {
    "mu": 33.24050200066416,
    "sigma": 5.40491521020071,
    "ordinal": 1608.6181528814886
  },
  "Bulldogcoma": {
    "mu": 28.22330658246551,
    "sigma": 4.234116585809875,
    "ordinal": 1572.5029638008614
  },
  "FOMOF": {
    "mu": 29.91625453295841,
    "sigma": 4.906142760464327,
    "ordinal": 1564.74783003757
  },
  "morewhales": {
    "mu": 23.203618191783306,
    "sigma": 2.8022555358749415,
    "ordinal": 1555.1244380198036
  },
  "ninjew": {
    "mu": 22.995824051028855,
    "sigma": 2.849104873868876,
    "ordinal": 1546.7642263061334
  },
  "astenu": {
    "mu": 30.101835596654354,
    "sigma": 5.438412359392444,
    "ordinal": 1530.8783644434484
  },
  "bennyflips": {
    "mu": 24.63842148373907,
    "sigma": 3.8755498921235567,
    "ordinal": 1512.2825233768417
  },
  "Prince Ali": {
    "mu": 21.444406448638333,
    "sigma": 3.166143498526117,
    "ordinal": 1486.7034228734396
  },
  "I360": {
    "mu": 27.6890349664114,
    "sigma": 5.3000296199132,
    "ordinal": 1482.9347065601232
  },
  "Grishous": {
    "mu": 26.360262262561868,
    "sigma": 4.948402386681355,
    "ordinal": 1476.3613224604273
  },
  "AviDMeher": {
    "mu": 21.804299179128982,
    "sigma": 3.514017139615632,
    "ordinal": 1470.29394624677
  },
  "truebroyeti": {
    "mu": 26.723317988161455,
    "sigma": 5.165113415890954,
    "ordinal": 1469.4714657717261
  },
  "Scuri": {
    "mu": 20.605453345918406,
    "sigma": 3.3708250679518694,
    "ordinal": 1451.8314754095072
  },
  "Halloworhorcrux": {
    "mu": 24.58824559800758,
    "sigma": 4.817162724186345,
    "ordinal": 1443.282178210765
  },
  "R\u00c3\u00a4ubi": {
    "mu": 26.433684752884645,
    "sigma": 5.447529046402728,
    "ordinal": 1442.186342728235
  },
  "rabenjamain16": {
    "mu": 25.677908411879564,
    "sigma": 5.266849722735919,
    "ordinal": 1437.0566218481233
  },
  "JoeyTyke": {
    "mu": 20.63100598062296,
    "sigma": 3.6396503313874833,
    "ordinal": 1433.0893196750521
  },
  "poserLX": {
    "mu": 30.0635200876653,
    "sigma": 6.925480564686735,
    "ordinal": 1422.8898814465224
  },
  "eve": {
    "mu": 25.00785241196011,
    "sigma": 5.467744014384534,
    "ordinal": 1406.5108888513562
  },
  "Hugu": {
    "mu": 19.787962380805936,
    "sigma": 3.8216782474338125,
    "ordinal": 1399.750263324108
  },
  "0": {
    "mu": 26.892210275036295,
    "sigma": 6.3197662479282535,
    "ordinal": 1390.3898767500368
  },
  "adityakarthik": {
    "mu": 19.721086691203766,
    "sigma": 3.9707838621254967,
    "ordinal": 1387.4096425158546
  },
  "Mr. Der": {
    "mu": 26.960508964090366,
    "sigma": 6.452133519252097,
    "ordinal": 1382.4986017520177
  },
  "Combat Bluffer": {
    "mu": 20.338788109979415,
    "sigma": 4.692844909255358,
    "ordinal": 1350.2460811731203
  },
  "Dzordz": {
    "mu": 20.404448354045112,
    "sigma": 4.782515743573429,
    "ordinal": 1345.365626959796
  },
  "Ben_Naylor": {
    "mu": 26.362850493105345,
    "sigma": 7.279806024762964,
    "ordinal": 1308.5623780515948
  },
  "Feast4Crows": {
    "mu": 24.403811987859505,
    "sigma": 6.632199234373536,
    "ordinal": 1308.1731428337337
  },
  "viamer": {
    "mu": 25.835284113266145,
    "sigma": 7.32473619763403,
    "ordinal": 1292.6658124887374
  },
  "runningtrumpet": {
    "mu": 24.980532316331615,
    "sigma": 7.348761012089163,
    "ordinal": 1270.421982721539
  },
  "Sid": {
    "mu": 24.838487553079933,
    "sigma": 7.3632013350127705,
    "ordinal": 1265.9732051529988
  },
  "thenobleknave": {
    "mu": 24.799040164552327,
    "sigma": 7.364332196639585,
    "ordinal": 1264.9450457912058
  },
  "Noobmaster5000": {
    "mu": 19.716714150237976,
    "sigma": 5.679355332521242,
    "ordinal": 1264.287555664182
  },
  "judicium": {
    "mu": 17.514852323071743,
    "sigma": 5.351013024564724,
    "ordinal": 1235.0835179850617
  },
  "Dinkaflicka": {
    "mu": 23.431522585912806,
    "sigma": 7.521638959196022,
    "ordinal": 1220.7985369997937
  },
  "SniffThis1": {
    "mu": 21.226830116253065,
    "sigma": 6.975426429320288,
    "ordinal": 1207.2132198790127
  },
  "Ottawa.toronto": {
    "mu": 15.244074776974136,
    "sigma": 5.056551515642833,
    "ordinal": 1201.7860855210954
  },
  "harryfan007": {
    "mu": 10.480648433644848,
    "sigma": 3.5750673040043464,
    "ordinal": 1194.1307165191633
  },
  "echostaffel": {
    "mu": 22.461075260022376,
    "sigma": 7.572308394973399,
    "ordinal": 1193.8596018024523
  },
  "onyablock": {
    "mu": 22.461075260022376,
    "sigma": 7.572308394973399,
    "ordinal": 1193.8596018024523
  },
  "Tayzer Wayne": {
    "mu": 22.459698872443067,
    "sigma": 7.582996813375572,
    "ordinal": 1193.0570023755924
  },
  "backwardsdeer": {
    "mu": 18.78410194078159,
    "sigma": 7.162015728954104,
    "ordinal": 1135.1533140940626
  },
  "b1tmancer": {
    "mu": 20.05433552349523,
    "sigma": 7.805660947300429,
    "ordinal": 1119.2964643582545
  },
  "MooShuPanther": {
    "mu": 19.89990457971131,
    "sigma": 7.769754031390563,
    "ordinal": 1118.175419652951
  },
  "Ghostpieguy": {
    "mu": 19.850091276277507,
    "sigma": 7.766348979035573,
    "ordinal": 1117.2250641400988
  },
  "Sophrosyne36": {
    "mu": 19.853100085023232,
    "sigma": 7.812044126350824,
    "ordinal": 1114.0072249432983
  },
  "aditya96": {
    "mu": 19.830807166280238,
    "sigma": 7.812317052147919,
    "ordinal": 1113.4525442360755
  },
  "Goliathsboy": {
    "mu": 19.67668100048293,
    "sigma": 7.7746466804303775,
    "ordinal": 1112.465783020603
  },
  "Fish": {
    "mu": 10.623148712882209,
    "sigma": 5.092109655841266,
    "ordinal": 1088.323673888602
  },
  "Meguy1151": {
    "mu": 15.425819114257319,
    "sigma": 7.710627640656726,
    "ordinal": 1015.0544686148914
  }
}