{
  "Fresh Meat": {
    "mu": 46.17314357244707,
    "sigma": 5.639483412348044,
    "ordinal": 1902.1126400496705
  },
  "JoyDivision": {
    "mu": 34.74402770750884,
    "sigma": 2.1554608980464276,
    "ordinal": 1878.6634803208694
  },
  "N00dles": {
    "mu": 36.837808217949814,
    "sigma": 3.268654634175112,
    "ordinal": 1848.7642635701875
  },
  "Zottelschratz": {
    "mu": 33.18186042317685,
    "sigma": 2.2656392840849455,
    "ordinal": 1833.2386217021283
  },
  "dAy": {
    "mu": 30.880681325127348,
    "sigma": 2.1331871410388867,
    "ordinal": 1787.5468776482567
  },
  "bbScythe": {
    "mu": 32.849888828685366,
    "sigma": 2.802414220356709,
    "ordinal": 1786.6235080227657
  },
  "Nevic": {
    "mu": 28.482556962731532,
    "sigma": 2.041139946639475,
    "ordinal": 1736.6192909475146
  },
  "releasethecralkin": {
    "mu": 28.69674794849118,
    "sigma": 2.192434829736572,
    "ordinal": 1730.8666430227552
  },
  "WrathClaw": {
    "mu": 37.03603210970122,
    "sigma": 5.040436848291036,
    "ordinal": 1725.9533175558745
  },
  "clime": {
    "mu": 32.13889644816465,
    "sigma": 3.4275907263105294,
    "ordinal": 1724.5469824615934
  },
  "FOMOF": {
    "mu": 32.055510299841664,
    "sigma": 3.477494879645676,
    "ordinal": 1718.9526158617114
  },
  "Britta": {
    "mu": 36.85350370328206,
    "sigma": 5.707677203678048,
    "ordinal": 1673.53133021395
  },
  "ammorning": {
    "mu": 28.095915431055307,
    "sigma": 3.0418184811363655,
    "ordinal": 1655.2910397035089
  },
  "morewhales": {
    "mu": 25.875403872690537,
    "sigma": 2.5021865712306806,
    "ordinal": 1640.8522598159639
  },
  "Dzordz": {
    "mu": 26.490393853914288,
    "sigma": 2.724607668511928,
    "ordinal": 1639.5977003610842
  },
  "Underdoggo": {
    "mu": 34.44801039259891,
    "sigma": 5.385221272070886,
    "ordinal": 1639.01631783327
  },
  "Winteriscoming": {
    "mu": 24.134893027286605,
    "sigma": 2.2221594940318363,
    "ordinal": 1619.2419490845864
  },
  "nobadinohz": {
    "mu": 25.01386238768846,
    "sigma": 2.565997151275301,
    "ordinal": 1615.5809024127013
  },
  "truebroyeti": {
    "mu": 25.2243599524011,
    "sigma": 2.7681008220704473,
    "ordinal": 1606.0813796685543
  },
  "Grishous": {
    "mu": 26.336228397796454,
    "sigma": 3.4116432016305875,
    "ordinal": 1586.4311710297127
  },
  "R\u00c3\u00a4ubi": {
    "mu": 25.35641961459829,
    "sigma": 3.5163785639082072,
    "ordinal": 1555.3748141489682
  },
  "tomeleoon": {
    "mu": 28.106948783182553,
    "sigma": 4.4764897544591875,
    "ordinal": 1552.2595084753198
  },
  "Bulldogcoma": {
    "mu": 23.326255849987614,
    "sigma": 3.1296827386113204,
    "ordinal": 1534.4929832196876
  },
  "astenu": {
    "mu": 30.101835596654354,
    "sigma": 5.438412359392444,
    "ordinal": 1530.8783644434484
  },
  "bennyflips": {
    "mu": 24.63842148373907,
    "sigma": 3.8755498921235567,
    "ordinal": 1512.2825233768417
  },
  "thebluebus": {
    "mu": 26.372499478125437,
    "sigma": 4.482086875183741,
    "ordinal": 1510.2297324617812
  },
  "Duce": {
    "mu": 31.219204437355515,
    "sigma": 6.315075531654754,
    "ordinal": 1494.5754682173902
  },
  "Prince Ali": {
    "mu": 21.444406448638333,
    "sigma": 3.166143498526117,
    "ordinal": 1486.7034228734396
  },
  "I360": {
    "mu": 27.6890349664114,
    "sigma": 5.3000296199132,
    "ordinal": 1482.9347065601232
  },
  "FibausmHochhaus": {
    "mu": 21.65725848186921,
    "sigma": 3.3110534676452184,
    "ordinal": 1481.3783538944053
  },
  "AviDMeher": {
    "mu": 21.804299179128982,
    "sigma": 3.514017139615632,
    "ordinal": 1470.29394624677
  },
  "Halloworhorcrux": {
    "mu": 24.58824559800758,
    "sigma": 4.817162724186345,
    "ordinal": 1443.282178210765
  },
  "WaveSamu": {
    "mu": 20.964499778155005,
    "sigma": 3.630115160739922,
    "ordinal": 1441.7797031024459
  },
  "rabenjamain16": {
    "mu": 25.677908411879564,
    "sigma": 5.266849722735919,
    "ordinal": 1437.0566218481233
  },
  "JoeyTyke": {
    "mu": 20.63100598062296,
    "sigma": 3.6396503313874833,
    "ordinal": 1433.0893196750521
  },
  "poserLX": {
    "mu": 30.0635200876653,
    "sigma": 6.925480564686735,
    "ordinal": 1422.8898814465224
  },
  "eve": {
    "mu": 25.00785241196011,
    "sigma": 5.467744014384534,
    "ordinal": 1406.5108888513562
  },
  "kibitzer": {
    "mu": 19.05651958778471,
    "sigma": 3.5009235709940216,
    "ordinal": 1405.2899729952635
  },
  "Hugu": {
    "mu": 19.787962380805936,
    "sigma": 3.8216782474338125,
    "ordinal": 1399.750263324108
  },
  "stillcantfrontlever": {
    "mu": 19.124510710114595,
    "sigma": 3.676799758564992,
    "ordinal": 1394.258674426071
  },
  "0": {
    "mu": 26.892210275036295,
    "sigma": 6.3197662479282535,
    "ordinal": 1390.3898767500368
  },
  "adityakarthik": {
    "mu": 19.721086691203766,
    "sigma": 3.9707838621254967,
    "ordinal": 1387.4096425158546
  },
  "Scuri": {
    "mu": 16.976716151771132,
    "sigma": 3.1014766987444213,
    "ordinal": 1384.1348653329087
  },
  "Mr. Der": {
    "mu": 26.960508964090366,
    "sigma": 6.452133519252097,
    "ordinal": 1382.4986017520177
  },
  "Combat Bluffer": {
    "mu": 20.338788109979415,
    "sigma": 4.692844909255358,
    "ordinal": 1350.2460811731203
  },
  "Ben_Naylor": {
    "mu": 26.362850493105345,
    "sigma": 7.279806024762964,
    "ordinal": 1308.5623780515948
  },
  "Feast4Crows": {
    "mu": 24.403811987859505,
    "sigma": 6.632199234373536,
    "ordinal": 1308.1731428337337
  },
  "loveable tofosi": {
    "mu": 12.501996860063509,
    "sigma": 2.850880890577294,
    "ordinal": 1294.784500519959
  },
  "viamer": {
    "mu": 25.835284113266145,
    "sigma": 7.32473619763403,
    "ordinal": 1292.6658124887374
  },
  "runningtrumpet": {
    "mu": 24.980532316331615,
    "sigma": 7.348761012089163,
    "ordinal": 1270.421982721539
  },
  "Sid": {
    "mu": 24.838487553079933,
    "sigma": 7.3632013350127705,
    "ordinal": 1265.9732051529988
  },
  "thenobleknave": {
    "mu": 24.799040164552327,
    "sigma": 7.364332196639585,
    "ordinal": 1264.9450457912058
  },
  "Noobmaster5000": {
    "mu": 19.716714150237976,
    "sigma": 5.679355332521242,
    "ordinal": 1264.287555664182
  },
  "CBSchess": {
    "mu": 21.461989308974733,
    "sigma": 6.314457250703394,
    "ordinal": 1260.4468213647492
  },
  "whisper0007": {
    "mu": 19.86856021055088,
    "sigma": 5.974559475399321,
    "ordinal": 1246.67716282447
  },
  "judicium": {
    "mu": 17.514852323071743,
    "sigma": 5.351013024564724,
    "ordinal": 1235.0835179850617
  },
  "Dinkaflicka": {
    "mu": 23.431522585912806,
    "sigma": 7.521638959196022,
    "ordinal": 1220.7985369997937
  },
  "SniffThis1": {
    "mu": 21.226830116253065,
    "sigma": 6.975426429320288,
    "ordinal": 1207.2132198790127
  },
  "Ottawa.toronto": {
    "mu": 15.244074776974136,
    "sigma": 5.056551515642833,
    "ordinal": 1201.7860855210954
  },
  "echostaffel": {
    "mu": 22.461075260022376,
    "sigma": 7.572308394973399,
    "ordinal": 1193.8596018024523
  },
  "onyablock": {
    "mu": 22.461075260022376,
    "sigma": 7.572308394973399,
    "ordinal": 1193.8596018024523
  },
  "Tayzer Wayne": {
    "mu": 22.459698872443067,
    "sigma": 7.582996813375572,
    "ordinal": 1193.0570023755924
  },
  "backwardsdeer": {
    "mu": 18.78410194078159,
    "sigma": 7.162015728954104,
    "ordinal": 1135.1533140940626
  },
  "Maarek Stele": {
    "mu": 17.878463973954055,
    "sigma": 7.001038106735701,
    "ordinal": 1125.0083916899268
  },
  "b1tmancer": {
    "mu": 20.05433552349523,
    "sigma": 7.805660947300429,
    "ordinal": 1119.2964643582545
  },
  "MooShuPanther": {
    "mu": 19.89990457971131,
    "sigma": 7.769754031390563,
    "ordinal": 1118.175419652951
  },
  "Ghostpieguy": {
    "mu": 19.850091276277507,
    "sigma": 7.766348979035573,
    "ordinal": 1117.2250641400988
  },
  "Sophrosyne36": {
    "mu": 19.853100085023232,