{
  "JoyDivision": {
    "mu": 1873.151536902068,
    "sigma": 129.70577684969422,
    "ordinal": 1484.0342063529854
  },
  "Fresh Meat": {
    "mu": 2216.310891477459,
    "sigma": 270.6952037927062,
    "ordinal": 1404.2252800993404
  },
  "N00dles": {
    "mu": 1768.2147944615908,
    "sigma": 156.8954224404052,
    "ordinal": 1297.5285271403752
  },
  "bbScythe": {
    "mu": 1576.794663776898,
    "sigma": 134.51588257712208,
    "ordinal": 1173.2470160455318
  },
  "dAy": {
    "mu": 1554.3807225576597,
    "sigma": 131.59314380227127,
    "ordinal": 1159.601291150846
  },
  "WrathClaw": {
    "mu": 1777.729541265659,
    "sigma": 241.94096871796987,
    "ordinal": 1051.9066351117494
  },
  "clime": {
    "mu": 1542.6670295119034,
    "sigma": 164.52435486290548,
    "ordinal": 1049.0939649231868
  },
  "nobadinohz": {
    "mu": 1436.908079423525,
    "sigma": 143.18233183721927,
    "ordinal": 1007.3610839118671
  },
  "Zottelschratz": {
    "mu": 1359.2838676341166,
    "sigma": 135.18953240827733,
    "ordinal": 953.7152704092846
  },
  "ammorning": {
    "mu": 1348.6039406906546,
    "sigma": 146.00728709454543,
    "ordinal": 910.5820794070182
  },
  "Underdoggo": {
    "mu": 1653.5044988447476,
    "sigma": 258.49062105940243,
    "ordinal": 878.0326356665403
  },
  "Nevic": {
    "mu": 1232.608499104992,
    "sigma": 120.17894604443207,
    "ordinal": 872.0716609716958
  },
  "releasethecralkin": {
    "mu": 1195.824935438047,
    "sigma": 125.89748135721011,
    "ordinal": 818.1324913664167
  },
  "kibitzer": {
    "mu": 1595.5440960318801,
    "sigma": 259.4359300896342,
    "ordinal": 817.2363057629775
  },
  "Bulldogcoma": {
    "mu": 1354.7187159583443,
    "sigma": 203.23759611887414,
    "ordinal": 745.0059276017219
  },
  "FOMOF": {
    "mu": 1435.980217582004,
    "sigma": 235.49485250228773,
    "ordinal": 729.4956600751407
  },
  "morewhales": {
    "mu": 1113.773673205599,
    "sigma": 134.50826572199716,
    "ordinal": 710.2488760396075
  },
  "ninjew": {
    "mu": 1103.799554449385,
    "sigma": 136.75703394570613,
    "ordinal": 693.5284526122665
  },
  "astenu": {
    "mu": 1444.8881086394092,
    "sigma": 261.0437932508373,
    "ordinal": 661.7567288868972
  },
  "bennyflips": {
    "mu": 1182.6442312194752,
    "sigma": 186.02639482193095,
    "ordinal": 624.5650467536823
  },
  "Prince Ali": {
    "mu": 1029.3315095346402,
    "sigma": 151.97488792925375,
    "ordinal": 573.406845746879
  },
  "I360": {
    "mu": 1329.0736783877471,
    "sigma": 254.40142175583358,
    "ordinal": 565.8694131202463
  },
  "Gishous": {
    "mu": 1265.2925886029698,
    "sigma": 237.52331456070516,
    "ordinal": 552.7226449208542
  },
  "AviDMeher": {
    "mu": 1046.6063605981908,
    "sigma": 168.6728227015505,
    "ordinal": 540.5878924935394
  },
  "truebroyeti": {
    "mu": 1282.7192634317503,
    "sigma": 247.92544396276585,
    "ordinal": 538.9429315434527
  },
  "Scuri": {
    "mu": 989.0617606040838,
    "sigma": 161.79960326168992,
    "ordinal": 503.66295081901404
  },
  "Halloworhorcrux": {
    "mu": 1180.2357887043638,
    "sigma": 231.2238107609446,
    "ordinal": 486.5643564215301
  },
  "R\u00c3\u00a4ubi": {
    "mu": 1268.816868138463,
    "sigma": 261.4813942273311,
    "ordinal": 484.3726854564695
  },
  "rabenjamain16": {
    "mu": 1232.539603770219,
    "sigma": 252.80878669132414,
    "ordinal": 474.1132436962465
  },
  "JoeyTyke": {
    "mu": 990.2882870699023,
    "sigma": 174.70321590659927,
    "ordinal": 466.1786393501045
  },
  "poserLX": {
    "mu": 1443.0489642079344,
    "sigma": 332.42306710496337,
    "ordinal": 445.77976289304434
  },
  "eve": {
    "mu": 1200.3769157740849,
    "sigma": 262.4517126904576,
    "ordinal": 413.02177770271203
  },
  "Hugu": {
    "mu": 949.8221942786847,
    "sigma": 183.44055587682305,
    "ordinal": 399.50052664821555
  },
  "0": {
    "mu": 1290.8260932017422,
    "sigma": 303.3487799005562,
    "ordinal": 380.7797535000735
  },
  "adityakarthik": {
    "mu": 946.6121611777803,
    "sigma": 190.59762538202392,
    "ordinal": 374.81928503170855
  },
  "Mr. Der": {
    "mu": 1294.1044302763376,
    "sigma": 309.70240892410067,
    "ordinal": 364.9972035040355
  },
  "Combat Bluffer": {
    "mu": 976.2618292790121,
    "sigma": 225.25655564425722,
    "ordinal": 300.49216234624043
  },
  "Dzordz": {
    "mu": 979.4135209941657,
    "sigma": 229.56075569152446,
    "ordinal": 290.7312539195923
  },
  "Ben_Naylor": {
    "mu": 1265.4168236690566,
    "sigma": 349.43068918862224,
    "ordinal": 217.12475610318984
  },
  "Feast4Crows": {
    "mu": 1171.3829754172561,
    "sigma": 318.3455632499297,
    "ordinal": 216.3462856674671
  },
  "viamer": {
    "mu": 1240.093637436775,
    "sigma": 351.5873374864334,
    "ordinal": 185.3316249774748
  },
  "runningtrumpet": {
    "mu": 1199.0655511839175,
    "sigma": 352.74052858027983,
    "ordinal": 140.84396544307788
  },
  "Sid": {
    "mu": 1192.2474025478368,
    "sigma": 353.433664080613,
    "ordinal": 131.9464103059977
  },
  "thenobleknave": {
    "mu": 1190.3539278985118,
    "sigma": 353.48794543870014,
    "ordinal": 129.8900915824113
  },
  "Noobmaster5000": {
    "mu": 946.4022792114224,
    "sigma": 272.60905596101975,
    "ordinal": 128.57511132836316
  },
  "judicium": {
    "mu": 840.7129115074437,
    "sigma": 256.8486251791068,
    "ordinal": 70.16703597012327
  },
  "Dinkaflicka": {
    "mu": 1124.7130841238143,
    "sigma": 361.0386700414091,
    "ordinal": 41.59707399958711
  },
  "SniffThis1": {
    "mu": 1018.8878455801467,
    "sigma": 334.82046860737387,
    "ordinal": 14.42643975802514
  },
  "Ottawa.toronto": {
    "mu": 731.7155892947587,
    "sigma": 242.71447275085603,
    "ordinal": 3.5721710421905755
  },
  "harryfan007": {
    "mu": 503.07112481495267,
    "sigma": 171.60323059220866,
    "ordinal": -11.738566961673314
  },
  "echostaffel": {
    "mu": 1078.1316124810742,
    "sigma": 363.4708029587232,
    "ordinal": -12.280796395095422
  },
  "onyablock": {
    "mu": 1078.1316124810742,
    "sigma": 363.4708029587232,
    "ordinal": -12.280796395095422
  },
  "Tayzer Wayne": {
    "mu": 1078.0655458772671,
    "sigma": 363.9838470420275,
    "ordinal": -13.885995248815334
  },
  "backwardsdeer": {
    "mu": 901.6368931575162,
    "sigma": 343.77675498979704,
    "ordinal": -129.69337181187484
  },
  "b1tmancer": {
    "mu": 962.608105127771,
    "sigma": 374.6717254704206,
    "ordinal": -161.40707128349084
  },
  "MooShuPanther": {
    "mu": 955.195419826143,
    "sigma": 372.9481935067471,
    "ordinal": -163.64916069409833
  },
  "Ghostpieguy": {
    "mu": 952.8043812613201,
    "sigma": 372.7847509937075,
    "ordinal": -165.54987171980235
  },
  "Sophrosyne36": {
    "mu": 952.948804081115,
    "sigma": 374.9781180648396,
    "ordinal": -171.98555011340363
  },
  "aditya96": {
    "mu": 951.8787439814514,
    "sigma": 374.99121850310013,
    "ordinal": -173.09491152784904
  },
  "Goliathsboy": {
    "mu": 944.4806880231806,
    "sigma": 373.18304066065815,
    "ordinal": -175.06843395879378
  },
  "Fish": {
    "mu": 509.9111382183462,
    "sigma": 244.42126348038093,
    "ordinal": -223.35265222279656
  },
  "Meguy1151": {
    "mu": 740.4393174843512,
    "sigma": 370.1101267515229,
    "ordinal": -369.89106277021756
  }
}