{
  "JoyDivision": {
    "mu": 2082.2492916313427,
    "sigma": 100.8662275417843
  },
  "WrathClaw": {
    "mu": 1944.255787293801,
    "sigma": 220.46658796112945
  },
  "N00dles": {
    "mu": 1921.6046530744825,
    "sigma": 121.49799702717942
  },
  "bbScythe": {
    "mu": 1838.4087992318152,
    "sigma": 111.45596890202687
  },
  "Fresh Meat": {
    "mu": 1825.418600218437,
    "sigma": 219.6976303893794
  },
  "clime": {
    "mu": 1791.2236488875456,
    "sigma": 139.156563833846
  },
  "dAy": {
    "mu": 1787.1814781322205,
    "sigma": 109.02910444397538
  },
  "nobadinohz": {
    "mu": 1729.3872102901569,
    "sigma": 114.82077726081417
  },
  "Zuelo": {
    "mu": 1709.8617915332634,
    "sigma": 276.1531463459607
  },
  "Mr. Der": {
    "mu": 1693.8928496639778,
    "sigma": 133.06323505787904
  },
  "kibitzer": {
    "mu": 1682.3749357418633,
    "sigma": 246.1247683312675
  },
  "Germy": {
    "mu": 1634.619851499154,
    "sigma": 173.34960422907264
  },
  "Marty": {
    "mu": 1631.1715409240587,
    "sigma": 349.347628945241
  },
  "Underdoggo": {
    "mu": 1629.8955603276572,
    "sigma": 241.69387961753642
  },
  "bearly_trying": {
    "mu": 1627.4485563491214,
    "sigma": 253.03539955028506
  },
  "Zottelschratz": {
    "mu": 1623.6345861816926,
    "sigma": 111.76262107056635
  },
  "K\u00c3\u00b6lsch": {
    "mu": 1597.1687751116542,
    "sigma": 238.4388078044459
  },
  "EchoPapa": {
    "mu": 1580.4999035924366,
    "sigma": 185.7914202974381
  },
  "FibausmHochhaus": {
    "mu": 1573.5972965772958,
    "sigma": 340.53668986818764
  },
  "poserLX": {
    "mu": 1568.2748186516476,
    "sigma": 157.4778914210386
  },
  "AxlPrototype": {
    "mu": 1560.8343017129296,
    "sigma": 234.96098531446802
  },
  "Nevic": {
    "mu": 1554.8490928696401,
    "sigma": 97.5009338624681
  },
  "FOMOF": {
    "mu": 1552.2699116138353,
    "sigma": 127.54657136078166
  },
  "Albionwolf": {
    "mu": 1548.9760259046786,
    "sigma": 316.94447680410264
  },
  "ammorning": {
    "mu": 1539.8404664933896,
    "sigma": 125.5179880681574
  },
  "Gamer_Gid": {
    "mu": 1533.0878637241142,
    "sigma": 280.0498396018534
  },
  "astenu": {
    "mu": 1512.448890143356,
    "sigma": 250.10263255506433
  },
  "Timislove": {
    "mu": 1501.6925799614778,
    "sigma": 333.341036008178
  },
  "releasethecralkin": {
    "mu": 1491.8174137475269,
    "sigma": 113.99027164682114
  },
  "caitlin": {
    "mu": 1491.1973927925314,
    "sigma": 299.4639321754748
  },
  "chrisgoering": {
    "mu": 1483.8797512947242,
    "sigma": 324.93181783304016
  },
  "symphonous": {
    "mu": 1479.792525884753,
    "sigma": 221.78060157257727
  },
  "morewhales": {
    "mu": 1478.866713133175,
    "sigma": 118.81310995559619
  },
  "Britta": {
    "mu": 1476.1680949750048,
    "sigma": 288.4857375097288
  },
  "qazzaq": {
    "mu": 1458.4527913856336,
    "sigma": 239.33309349706275
  },
  "onyablock": {
    "mu": 1457.2453064991914,
    "sigma": 290.4589685013349
  },
  "0": {
    "mu": 1452.743973863761,
    "sigma": 291.74033902695726
  },
  "Awedish": {
    "mu": 1447.7292507161278,
    "sigma": 239.64105672325837
  },
  "AviDMeher": {
    "mu": 1433.9399666775544,
    "sigma": 131.4488072955446
  },
  "KajDar": {
    "mu": 1426.3394074503994,
    "sigma": 358.2301857012486
  },
  "Feast4Crows": {
    "mu": 1420.6232553167447,
    "sigma": 240.32173319201328
  },
  "Paju": {
    "mu": 1416.269977222107,
    "sigma": 354.43385050829374
  },
  "kokeshi": {
    "mu": 1409.5950391077802,
    "sigma": 358.27664164975437
  },
  "NoblaSalebla": {
    "mu": 1405.2008621271452,
    "sigma": 299.771722436675
  },
  "Bulldogcoma": {
    "mu": 1401.9545402262434,
    "sigma": 176.45558565011393
  },
  "Kuk!": {
    "mu": 1390.703621292195,
    "sigma": 351.0197840810558
  },
  "viamer": {
    "mu": 1389.6112584159373,
    "sigma": 272.8073843887453
  },
  "Cowpanda": {
    "mu": 1388.3820304864826,
    "sigma": 359.8693453988243
  },
  "Gishous": {
    "mu": 1386.6781139630225,
    "sigma": 201.35097273413407
  },
  "truebroyeti": {
    "mu": 1379.7106342726593,
    "sigma": 219.71872145745806
  },
  "Pascal": {
    "mu": 1374.686723465001,
    "sigma": 361.5870790928094
  },
  "CabelReady": {
    "mu": 1372.5377836682217,
    "sigma": 242.39754463183365
  },
  "bennyflips": {
    "mu": 1369.2195802609706,
    "sigma": 159.86435551964988
  },
  "ninjew": {
    "mu": 1361.8784188562108,
    "sigma": 117.55272926260957
  },
  "erewego": {
    "mu": 1361.6313523356316,
    "sigma": 275.519036299318
  },
  "Halloworhorcrux": {
    "mu": 1357.620216125305,
    "sigma": 147.1201028497572
  },
  "JoeyTyke": {
    "mu": 1347.3774964740387,
    "sigma": 130.84689856147367
  },
  "R\u00c3\u00a4ubi": {
    "mu": 1344.1448292628747,
    "sigma": 250.448468606983
  },
  "Angry_Meeple": {
    "mu": 1341.1538055406197,
    "sigma": 349.93369507792085
  },
  "Hugu": {
    "mu": 1340.5787978850788,
    "sigma": 134.2841344729609
  },
  "Plamax": {
    "mu": 1339.517516713574,
    "sigma": 290.3644340310763
  },
  "Woodpecker": {
    "mu": 1337.5771011601607,
    "sigma": 287.9651618743953
  },
  "Zesix": {
    "mu": 1337.3446209485055,
    "sigma": 319.44231470047356
  },
  "przechodzenachaos": {
    "mu": 1330.1718040476426,
    "sigma": 373.5588185497428
  },
  "Marspivak": {
    "mu": 1329.4460969059082,
    "sigma": 362.90001179956914
  },
  "RimbaBoss": {
    "mu": 1328.768129104921,
    "sigma": 274.65421689810927
  },
  "mrdoublehelix": {
    "mu": 1323.1524203120393,
    "sigma": 361.04456456290285
  },
  "jay": {
    "mu": 1321.3544597598234,
    "sigma": 362.8278268468071
  },
  "echostaffel": {
    "mu": 1320.5550319268878,
    "sigma": 181.01441810028973
  },
  "twho": {
    "mu": 1318.1565496927822,
    "sigma": 359.6710474124888
  },
  "TBJ1118": {
    "mu": 1313.3114557514252,
    "sigma": 353.82213990148284
  },
  "dankynugz": {
    "mu": 1308.8867257083646,
    "sigma": 361.83840906718484
  },
  "KingDaDaDog": {
    "mu": 1295.397035660303,
    "sigma": 342.81290320723286
  },
  "Zahart": {
    "mu": 1293.1404935227752,
    "sigma": 344.26534916315785
  },
  "I360": {
    "mu": 1292.3397438154118,
    "sigma": 241.1926365880266
  },
  "kurtdog": {
    "mu": 1292.1387457873882,
    "sigma": 230.35294885212983
  },
  "tomeleoon": {
    "mu": 1290.7428108018007,
    "sigma": 325.4148784400087
  },
  "snow814": {
    "mu": 1286.7130850246872,
    "sigma": 346.51128428617227
  },
  "ThrowLow": {
    "mu": 1283.5130369997696,
    "sigma": 365.33864007935915
  },
  "zevgon": {
    "mu": 1269.7586979067448,
    "sigma": 273.64581643196306
  },
  "Prince Ali": {
    "mu": 1268.2104251032797,
    "sigma": 118.24210283753673
  },
  "quangson": {
    "mu": 1262.0177585450751,
    "sigma": 322.38606571905933
  },
  "Combat Bluffer": {
    "mu": 1260.2127888513673,
    "sigma": 206.10357336275035
  },
  "ShakaSpell": {
    "mu": 1260.1847979563292,
    "sigma": 370.7740874534136
  },
  "bigner": {
    "mu": 1252.1395352172788,
    "sigma": 355.03005008348896
  },
  "thenobleknave": {
    "mu": 1251.7710726741054,
    "sigma": 225.80182916597323
  },
  "Video Game Muso": {
    "mu": 1246.2431156533462,
    "sigma": 342.2012048576601
  },
  "daveedojr": {
    "mu": 1245.5747209785918,
    "sigma": 338.5249352035184
  },
  "SaneDude": {
    "mu": 1245.1522153381961,
    "sigma": 354.4448888153013
  },
  "Svaho": {
    "mu": 1238.0346649474827,
    "sigma": 277.88719183339674
  },
  "KennyRob": {
    "mu": 1234.7187264418026,
    "sigma": 292.231446039931
  },
  "bembas": {
    "mu": 1234.4285841689932,
    "sigma": 386.79476269451413
  },
  "Fllyingmustang": {
    "mu": 1231.0903201745534,
    "sigma": 194.11248922316923
  },
  "smedley": {
    "mu": 1218.7320248968651,
    "sigma": 292.523588276401
  },
  "KingRob": {
    "mu": 1214.3178892429883,
    "sigma": 246.91702570837924
  },
  "donuhue": {
    "mu": 1211.2621361457009,
    "sigma": 292.43199618277777
  },