{
  "JoyDivision": {
    "mu": 2036.8408358472561,
    "sigma": 140.821694305223
  },
  "morewhales": {
    "mu": 1935.824700476803,
    "sigma": 244.11087772833625
  },
  "bbScythe": {
    "mu": 1818.979068792447,
    "sigma": 185.76649789542515
  },
  "Mr. Der": {
    "mu": 1719.238885392972,
    "sigma": 142.1876750650992
  },
  "nobadinohz": {
    "mu": 1709.5064170079552,
    "sigma": 171.84138022848845
  },
  "N00dles": {
    "mu": 1708.784865370334,
    "sigma": 181.52903310388885
  },
  "Zuelo": {
    "mu": 1693.2436694780092,
    "sigma": 281.129831507568
  },
  "Nevic": {
    "mu": 1671.525169377178,
    "sigma": 141.7104448797813
  },
  "Zottelschratz": {
    "mu": 1666.575068128375,
    "sigma": 179.24415282941638
  },
  "dAy": {
    "mu": 1661.691122737632,
    "sigma": 170.9450667337928
  },
  "Germy": {
    "mu": 1637.6055289252758,
    "sigma": 181.04437365618665
  },
  "Marty": {
    "mu": 1624.2751262361342,
    "sigma": 353.7733464074458
  },
  "bearly_trying": {
    "mu": 1611.7656206881932,
    "sigma": 267.8501112901498
  },
  "FibausmHochhaus": {
    "mu": 1586.9835262214365,
    "sigma": 341.679805805915
  },
  "onyablock": {
    "mu": 1585.9263371671525,
    "sigma": 308.2232531519884
  },
  "releasethecralkin": {
    "mu": 1583.0243573750543,
    "sigma": 238.96098107228747
  },
  "AviDMeher": {
    "mu": 1569.7071694055933,
    "sigma": 192.7040852716304
  },
  "EchoPapa": {
    "mu": 1568.9103308912875,
    "sigma": 189.26311146912565
  },
  "AxlPrototype": {
    "mu": 1566.9805193895259,
    "sigma": 246.5970437037666
  },
  "poserLX": {
    "mu": 1550.1204543474835,
    "sigma": 170.87278695973828
  },
  "Albionwolf": {
    "mu": 1546.9991302809203,
    "sigma": 318.28346727788255
  },
  "Gamer_Gid": {
    "mu": 1541.9520806272083,
    "sigma": 282.93054375807884
  },
  "FOMOF": {
    "mu": 1537.5288390800315,
    "sigma": 149.058380801386
  },
  "K\u00c3\u00b6lsch": {
    "mu": 1536.220707525119,
    "sigma": 250.30003631676112
  },
  "Feast4Crows": {
    "mu": 1512.0554299306552,
    "sigma": 271.90636341732164
  },
  "Timislove": {
    "mu": 1501.6925799614778,
    "sigma": 333.341036008178
  },
  "symphonous": {
    "mu": 1500.9946412636027,
    "sigma": 228.02599427741347
  },
  "Britta": {
    "mu": 1500.1087750699785,
    "sigma": 303.58575087875494
  },
  "caitlin": {
    "mu": 1497.6633375680744,
    "sigma": 301.32883139146855
  },
  "chrisgoering": {
    "mu": 1483.8797512947242,
    "sigma": 324.93181783304016
  },
  "qazzaq": {
    "mu": 1437.53146185797,
    "sigma": 241.3598085355332
  },
  "Awedish": {
    "mu": 1437.2342217269825,
    "sigma": 248.72028019375583
  },
  "KajDar": {
    "mu": 1430.8715710809392,
    "sigma": 359.73961627439894
  },
  "JoeyTyke": {
    "mu": 1426.4061096450237,
    "sigma": 179.00316102543644
  },
  "Hugu": {
    "mu": 1425.433664191016,
    "sigma": 179.70296183854748
  },
  "Prince Ali": {
    "mu": 1424.8555349017852,
    "sigma": 173.07123733730626
  },
  "Paju": {
    "mu": 1416.269977222107,
    "sigma": 354.43385050829374
  },
  "kokeshi": {
    "mu": 1409.5950391077802,
    "sigma": 358.27664164975437
  },
  "NoblaSalebla": {
    "mu": 1404.5004316811787,
    "sigma": 306.7539694368575
  },
  "Fish": {
    "mu": 1400.8002271604323,
    "sigma": 341.2670531370233
  },
  "Fresh Meat": {
    "mu": 1400.4142904748985,
    "sigma": 300.2458451161947
  },
  "CabelReady": {
    "mu": 1397.7976181356773,
    "sigma": 252.95949551723754
  },
  "Kuk!": {
    "mu": 1390.703621292195,
    "sigma": 351.0197840810558
  },
  "ammorning": {
    "mu": 1388.970797522573,
    "sigma": 240.04176400125317
  },
  "Cowpanda": {
    "mu": 1388.3820304864826,
    "sigma": 359.8693453988243
  },
  "Pascal": {
    "mu": 1382.7389880882997,
    "sigma": 362.98639755133905
  },
  "viamer": {
    "mu": 1348.8907341780814,
    "sigma": 294.7527629204787
  },
  "Angry_Meeple": {
    "mu": 1341.1538055406197,
    "sigma": 349.93369507792085
  },
  "Zesix": {
    "mu": 1337.3446209485055,
    "sigma": 319.44231470047356
  },
  "erewego": {
    "mu": 1337.1339204084602,
    "sigma": 275.7764142725392
  },
  "Plamax": {
    "mu": 1335.2921252730314,
    "sigma": 292.8083996223575
  },
  "przechodzenachaos": {
    "mu": 1331.3526199212267,
    "sigma": 374.24870218248384
  },
  "Marspivak": {
    "mu": 1329.4460969059082,
    "sigma": 362.90001179956914
  },
  "mrdoublehelix": {
    "mu": 1323.1524203120393,
    "sigma": 361.04456456290285
  },
  "jay": {
    "mu": 1321.3544597598234,
    "sigma": 362.8278268468071
  },
  "echostaffel": {
    "mu": 1320.3579186291297,
    "sigma": 189.16113672756515
  },
  "twho": {
    "mu": 1318.1565496927822,
    "sigma": 359.6710474124888
  },
  "Woodpecker": {
    "mu": 1313.611621674412,
    "sigma": 288.05129595535664
  },
  "TBJ1118": {
    "mu": 1313.3114557514252,
    "sigma": 353.82213990148284
  },
  "SniffThis1": {
    "mu": 1312.0911052504298,
    "sigma": 286.55988476687247
  },
  "truebroyeti": {
    "mu": 1309.725527390908,
    "sigma": 333.45726210462317
  },
  "dankynugz": {
    "mu": 1308.8867257083646,
    "sigma": 361.83840906718484
  },
  "Zahart": {
    "mu": 1302.659041129599,
    "sigma": 345.4264883952446
  },
  "clime": {
    "mu": 1301.4172472041869,
    "sigma": 249.46626446083806
  },
  "Halloworhorcrux": {
    "mu": 1300.2236578988884,
    "sigma": 177.35781145989952
  },
  "RimbaBoss": {
    "mu": 1299.0997522631146,
    "sigma": 277.0854864998693
  },
  "snow814": {
    "mu": 1298.0518539408745,
    "sigma": 347.99682351842176
  },
  "KingDaDaDog": {
    "mu": 1295.397035660303,
    "sigma": 342.81290320723286
  },
  "tomeleoon": {
    "mu": 1290.5241213330703,
    "sigma": 333.6322317577397
  },
  "kurtdog": {
    "mu": 1287.017243842132,
    "sigma": 234.38032648344085
  },
  "ThrowLow": {
    "mu": 1283.5130369997696,
    "sigma": 365.33864007935915
  },
  "Noobmaster5000": {
    "mu": 1281.8074901172463,
    "sigma": 339.2370794946937
  },
  "quangson": {
    "mu": 1262.0177585450751,
    "sigma": 322.38606571905933
  },
  "Tayzer Wayne": {
    "mu": 1261.7833046970718,
    "sigma": 267.96740693903365
  },
  "ShakaSpell": {
    "mu": 1260.1847979563292,
    "sigma": 370.7740874534136
  },
  "zevgon": {
    "mu": 1256.2971395541865,
    "sigma": 283.3345557596484
  },
  "daveedojr": {
    "mu": 1255.973708172207,
    "sigma": 339.5187497416044
  },
  "backwardsdeer": {
    "mu": 1253.12910386472,
    "sigma": 364.22658836260416
  },
  "bigner": {
    "mu": 1252.1395352172788,
    "sigma": 355.03005008348896
  },
  "Video Game Muso": {
    "mu": 1246.2431156533462,
    "sigma": 342.2012048576601
  },
  "Gishous": {
    "mu": 1246.0171534460462,
    "sigma": 305.50319688972263
  },
  "SaneDude": {
    "mu": 1245.3047033298903,
    "sigma": 354.7422426941971
  },
  "Svaho": {
    "mu": 1234.9005995679643,
    "sigma": 295.3761847881164
  },
  "bembas": {
    "mu": 1234.4285841689932,
    "sigma": 386.79476269451413
  },
  "KennyRob": {
    "mu": 1226.9242902526357,
    "sigma": 292.83872131355605
  },
  "smedley": {
    "mu": 1224.8448333075187,
    "sigma": 294.0401581509263
  },
  "thenobleknave": {
    "mu": 1212.9549725701477,
    "sigma": 238.55706963154807
  },
  "Fllyingmustang": {
    "mu": 1210.2963137399986,
    "sigma": 198.75773930114823
  },
  "ninjew": {
    "mu": 1209.0646344424788,
    "sigma": 198.0155253774157
  },
  "errikos": {
    "mu": 1206.433876546518,
    "sigma": 375.7341709601527
  },
  "Reyl": {
    "mu": 1203.1241976804347,
    "sigma": 351.72804831262
  },
  "donuhue": {
    "mu": 1202.9994370894076,
    "sigma": 292.91502002164066
  },
  "LordFrank": {
    "mu": 1194.4520988892218,
    "sigma": 387.49028273635616
  },
  "MR_Munch": {
    "mu": 1190.8651043468265,
    "sigma": 281.30622873982617
  },
  "adityakarthik": {
    "mu": 1190.2287297373741,
    "sigma": 212.27980595846162
  },
  "MLoki": {
    "mu": 1189.8932523378273,
    "sigma": 374.18850526917345
  },